coo,coo,coo,coo,coo,coo,coo,coo,coo,coo,coo,coo,coo,coo,coo,coo,coo,coo,coo,coo,coo,coo,coo,coo,coo,coo,coo,coo,coo,coo,coo,coo,coo,coo,coo,coo,coo,coo,coo,coo,coo,coo,coo,coo,coo,coo,coo,coo,coo,coo,coo,coo,coo,coo,coo,coo,coo,coo,coo,coo,coo,coo,coo,coo,coo,coo,coo,coo,coo,coo
0,2.891903734,6.503769871,10.85948049,16.64619461,19.32361512,20.44279451,20.84211383,20.61165096,19.83698767,18.59920968,16.97490659,15.03617194,12.85060319,10.48130171,7.986872782,5.421425618,2.834573339,0.271432986,0,0,0,0,0,0,0,0,0,0,0,0,0,0,0,0,0,0,0,0,0,0,0,0,0,0,0,0,0,0,0,0,0,0,0,0,0,0,0,0,0,0,0,0,0,0,0,0,0,0,0
0,2.856952851,6.425166804,10.72823531,16.45390207,19.12343845,20.2639238,20.70069048,20.52190732,19.81132773,18.64828968,17.10771572,15.26011299,13.17157317,10.90377255,8.513971949,6.055016802,3.575337096,1.118947396,0,0,0,0,0,0,0,0,0,0,0,0,0,0,0,0,0,0,0,0,0,0,0,0,0,0,0,0,0,0,0,0,0,0,0,0,0,0,0,0,0,0,0,0,0,0,0,0,0,0,0
0,2.822001967,6.346563738,10.59699013,16.26160954,18.92326179,20.08505309,20.55926712,20.43216367,19.78566778,18.69736968,17.24052486,15.48405404,13.49254316,11.32624338,9.041071116,6.688607986,4.316100854,1.966461807,0,0,0,0,0,0,0,0,0,0,0,0,0,0,0,0,0,0,0,0,0,0,0,0,0,0,0,0,0,0,0,0,0,0,0,0,0,0,0,0,0,0,0,0,0,0,0,0,0,0,0
0,2.787051084,6.267960671,10.46574494,16.06931701,18.72308512,19.90618238,20.41784376,20.34242003,19.76000783,18.74644968,17.373334,15.70799509,13.81351314,11.74871422,9.568170282,7.32219917,5.056864611,2.813976218,0.631089488,0,0,0,0,0,0,0,0,0,0,0,0,0,0,0,0,0,0,0,0,0,0,0,0,0,0,0,0,0,0,0,0,0,0,0,0,0,0,0,0,0,0,0,0,0,0,0,0,0,0
0,2.752100201,6.189357604,10.33449976,15.87702447,18.52290845,19.72731167,20.27642041,20.25267639,19.73434788,18.79552968,17.50614314,15.93193614,14.13448313,12.17118506,10.09526945,7.955790354,5.797628368,3.661490628,1.583910812,0,0,0,0,0,0,0,0,0,0,0,0,0,0,0,0,0,0,0,0,0,0,0,0,0,0,0,0,0,0,0,0,0,0,0,0,0,0,0,0,0,0,0,0,0,0,0,0,0,0
0,2.717149317,6.110754538,10.20325458,15.68473194,18.32273179,19.54844096,20.13499705,20.16293275,19.70868793,18.84460968,17.63895227,16.15587719,14.45545311,12.5936559,10.62236862,8.589381538,6.538392126,4.509005039,2.536732136,0.652992473,0,0,0,0,0,0,0,0,0,0,0,0,0,0,0,0,0,0,0,0,0,0,0,0,0,0,0,0,0,0,0,0,0,0,0,0,0,0,0,0,0,0,0,0,0,0,0,0,0
0,2.682198434,6.032151471,10.07200939,15.49243941,18.12255512,19.36957025,19.9935737,20.0731891,19.68302798,18.89368968,17.77176141,16.37981824,14.77642309,13.01612673,11.14946778,9.222972722,7.279155883,5.35651945,3.48955346,1.708735806,0.040532233,0,0,0,0,0,0,0,0,0,0,0,0,0,0,0,0,0,0,0,0,0,0,0,0,0,0,0,0,0,0,0,0,0,0,0,0,0,0,0,0,0,0,0,0,0,0,0,0
0,2.647247551,5.953548404,9.940764209,15.30014687,17.92237845,19.19069954,19.85215034,19.98344546,19.65736803,18.94276968,17.90457055,16.6037593,15.09739308,13.43859757,11.67656695,9.856563906,8.01991964,6.20403386,4.442374784,2.76447914,1.195952163,0,0,0,0,0,0,0,0,0,0,0,0,0,0,0,0,0,0,0,0,0,0,0,0,0,0,0,0,0,0,0,0,0,0,0,0,0,0,0,0,0,0,0,0,0,0,0,0
0,2.612296667,5.874945338,9.809519025,15.10785434,17.72220179,19.01182883,19.71072698,19.89370182,19.63170808,18.99184968,18.03737969,16.82770035,15.41836306,13.86106841,12.20366612,10.49015509,8.760683398,7.051548271,5.395196108,3.820222473,2.351372094,1.009538866,0,0,0,0,0,0,0,0,0,0,0,0,0,0,0,0,0,0,0,0,0,0,0,0,0,0,0,0,0,0,0,0,0,0,0,0,0,0,0,0,0,0,0,0,0,0,0
0,2.577345784,5.796342271,9.678273842,14.91556181,17.52202512,18.83295812,19.56930363,19.80395818,19.60604813,19.04092968,18.17018882,17.0516414,15.73933305,14.28353924,12.73076528,11.12374627,9.501447155,7.899062682,6.348017432,4.875965806,3.506792025,2.26061013,1.153763985,0.198827275,0,0,0,0,0,0,0,0,0,0,0,0.019050367,0.467710414,0.848442739,1.117268346,1.226438065,1.124432543,0.755962253,0.061967487,0,0,0,0,0,0,0,0,0,0,0,0,0,0,0,0,0,0,0,0,0,0,0,0,0,0
0,2.542394901,5.717739204,9.547028659,14.72326927,17.32184845,18.65408742,19.42788027,19.71421453,19.58038818,19.09000968,18.30299796,17.27558245,16.06030303,14.70601008,13.25786445,11.75733746,10.24221091,8.746577092,7.300838756,5.93170914,4.662211955,3.511681394,2.495762122,1.626409286,0.911888508,0.356775888,0,0,0,0,0,0.165053243,0.544008633,0.986158168,1.462872245,1.941831738,2.387027998,2.758762856,3.013648617,3.104608065,2.980874461,2.587991544,1.867813531,0.758505114,0,0,0,0,0,0,0,0,0,0,0,0,0,0,0,0,0,0,0,0,0,0,0,0,0
0,2.507444017,5.639136138,9.415783475,14.53097674,17.12167179,18.47521671,19.28645692,19.62447089,19.55472823,19.13908968,18.4358071,17.4995235,16.38127301,15.12848092,13.78496362,12.39092864,10.98297467,9.594091503,8.25366008,6.987452473,5.817631886,4.762752658,3.837760259,3.053991297,2.419173508,1.937425766,1.609258074,1.431571574,1.397658536,1.497202366,1.716277603,2.03734992,2.439276123,2.897304152,3.383073078,3.864613108,4.306345582,4.669082973,4.910028887,4.982778065,4.837316378,4.420020835,3.673659575,2.537391871,0.946768132,0,0,0,0,0,0,0,0,0,0,0,0,0,0,0,0,0,0,0,0,0,0,0,0
0,2.472493134,5.560533071,9.284538292,14.33868421,16.92149512,18.296346,19.14503356,19.53472725,19.52906828,19.18816968,18.56861624,17.72346455,16.702243,15.55095176,14.31206278,13.02451983,11.72373843,10.44160591,9.206481404,8.043195806,6.973051817,6.013823922,5.179758397,4.481573307,3.926458508,3.518075643,3.256558145,3.138511238,3.157011933,3.301609032,3.558323127,3.909646598,4.334543614,4.808450136,5.303273911,5.787394479,6.225663166,6.579403091,6.806409158,6.860948065,6.693758295,6.252050125,5.479505619,4.316278629,2.698994798,0.56075156,0,0,0,0,0,0,0,0,0,0,0,0,0,0,0,0,0,0,0,0,0,0,0
0,2.437542251,5.481930004,9.153293109,14.14639167,16.72131845,18.11747529,19.0036102,19.44498361,19.50340833,19.23724968,18.70142537,17.9474056,17.02321298,15.97342259,14.83916195,13.65811101,12.46450218,11.28912032,10.15930273,9.09893914,8.128471747,7.264895186,6.521756534,5.909155318,5.433743508,5.09872552,4.903858216,4.845450902,4.91636533,5.106015699,5.400368651,5.781943275,6.229811105,6.71959612,7.223474745,7.71017585,8.14498075,8.489723208,8.702789429,8.739118065,8.550200213,8.084079416,7.285351663,6.095165386,4.451221465,2.287773224,0,0,0,0,0,0,0,0,0,0,0,0,0,0,0,0,0,0,0,0,0,0,0
0,2.402591367,5.403326938,9.022047925,13.95409914,16.52114179,17.93860458,18.86218685,19.35523996,19.47774838,19.28632968,18.83423451,18.17134665,17.34418297,16.39589343,15.36626112,14.29170219,13.20526594,12.13663474,11.11212405,10.15468247,9.283891678,8.51596645,7.863754671,7.336737329,6.941028508,6.679375398,6.551158286,6.552390566,6.675718728,6.910422366,7.242414175,7.654239952,8.125078595,8.630742104,9.143675578,9.63295722,10.06429833,10.40004333,10.5991697,10.61728806,10.40664213,9.916108707,9.091197707,7.874052143,6.203448132,4.014794888,1.240134731,0,0,0,0,0,0,0,0,0,0,0,0,0,0,0,0,0,0,0,0,0,0
0,2.367640484,5.324723871,8.890802742,13.76180661,16.32096512,17.75973387,18.72076349,19.26549632,19.45208843,19.33540968,18.96704365,18.3952877,17.66515295,16.81836427,15.89336028,14.92529338,13.9460297,12.98414915,12.06494538,11.21042581,10.43931161,9.767037714,9.205752809,8.764319339,8.448313508,8.260025275,8.198458357,8.25933023,8.435072125,8.714829032,9.084459699,9.52653663,10.02034609,10.54188809,11.06387641,11.55573859,11.98361592,12.31036344,12.49554997,12.49545806,12.26308405,11.748138,10.89704375,9.652938901,7.955674798,5.741816552,2.944643028,0,0,0,0,0,0,0,0,0,0,0,0,0,0,0,0,0,0,0,0,0,0
0,2.332689601,5.246120804,8.759557559,13.56951407,16.12078845,17.58086316,18.57934014,19.17575268,19.42642849,19.38448968,19.09985278,18.61922875,17.98612293,17.24083511,16.42045945,15.55888456,14.68679346,13.83166356,13.0177667,12.26616914,11.59473154,11.01810898,10.54775095,10.19190135,9.955598508,9.840675152,9.845758428,9.966269894,10.19442552,10.5192357,10.92650522,11.39883331,11.91561358,12.45303407,12.98407724,13.47851996,13.9029335,14.22068356,14.39193024,14.37362806,14.11952596,13.58016729,12.70288979,11.43182566,9.707901465,7.468838216,4.649151325,1.18015062,0,0,0,0,0,0,0,0,0,0,0,0,0,0,0,0,0,0,0,0,0
0,2.297738717,5.167517738,8.628312375,13.37722154,15.92061179,17.40199245,18.43791678,19.08600903,19.40076854,19.43356968,19.23266192,18.8431698,18.30709292,17.66330594,16.94755862,16.19247575,15.42755721,14.67917797,13.97058802,13.32191247,12.75015147,12.26918024,11.88974908,11.61948336,11.46288351,11.42132503,11.4930585,11.67320956,11.95377892,12.32364237,12.76855075,13.27112998,13.81088107,14.36418006,14.90427808,15.40130133,15.82225109,16.13100368,16.28831051,16.25179806,15.97596788,15.41219658,14.50873584,13.21071242,11.46012813,9.19585988,6.353659623,2.86615439,0,0,0,0,0,0,0,0,0,0,0,0,0,0,0,0,0,0,0,0,0
0,2.262787834,5.088914671,8.497067192,13.18492901,15.72043512,17.22312174,18.29649342,18.99626539,19.37510859,19.48264968,19.36547106,19.06711085,18.6280629,18.08577678,17.47465778,16.82606693,16.16832097,15.52669238,14.92340935,14.37765581,13.9055714,13.52025151,13.23174722,13.04706537,12.97016851,13.00197491,13.14035857,13.38014922,13.71313232,14.12804903,14.61059627,15.14342666,15.70614856,16.27532604,16.82447891,17.3240827,17.74156867,18.04132379,18.18469078,18.12996806,17.8324098,17.24422587,16.31458188,14.98959917,13.2123548,10.92288154,8.05816792,4.552158161,0.335752228,0,0,0,0,0,0,0,0,0,0,0,0,0,0,0,0,0,0,0,0
0,2.227836951,5.010311604,8.365822009,12.99263647,15.52025845,17.04425103,18.15507007,18.90652175,19.34944864,19.53172968,19.4982802,19.2910519,18.94903289,18.50824762,18.00175695,17.45965811,16.90908473,16.37420679,15.87623067,15.43339914,15.06099133,14.77132277,14.57374536,14.47464738,14.47745351,14.58262478,14.78765864,15.08708889,15.47248571,15.9324557,16.4526418,17.01572334,17.60141605,18.18647202,18.74467974,19.24686407,19.66088625,19.95164391,20.08107105,20.00813806,19.68885172,19.07625516,18.12042793,16.76848593,14.96458147,12.64990321,9.762676217,6.238161932,2.008658172,0,0,0,0,0,0,0,0,0,0,0,0,0,0,0,0,0,0,0,0
0,2.192886067,4.931708538,8.234576825,12.80034394,15.32008179,16.86538032,18.01364671,18.81677811,19.32378869,19.58080968,19.63108933,19.51499295,19.27000287,18.93071846,18.52885612,18.0932493,17.64984849,17.2217212,16.829052,16.48914247,16.21641126,16.02239403,15.9157435,15.90222939,15.98473851,16.16327466,16.43495871,16.79402855,17.23183911,17.73686237,18.29468732,18.88802002,19.49668354,20.09761801,20.66488058,21.16964544,21.58020384,21.86196403,21.97745132,21.88630806,21.54529363,20.90828445,19.92627397,18.54737269,16.71680813,14.37692487,11.46718451,7.924165702,3.681564116,0,0,0,0,0,0,0,0,0,0,0,0,0,0,0,0,0,0,0,0
0,2.157935184,4.853105471,8.103331642,12.60805141,15.11990512,16.68650961,17.87222336,18.72703446,19.29812874,19.62988968,19.76389847,19.738934,19.59097285,19.35318929,19.05595528,18.72684048,18.39061224,18.06923561,17.78187332,17.54488581,17.37183119,17.2734653,17.25774163,17.3298114,17.49202351,17.74392454,18.08225878,18.50096821,18.99119251,19.54126903,20.13673284,20.76031669,21.39195103,22.00876399,22.58508141,23.09242681,23.49952142,23.77228415,23.87383159,23.76447806,23.40173555,22.74031374,21.73212001,20.32625944,18.4690348,16.10394654,13.17169281,9.610169473,5.35447006,0.336885806,0,0,0,0,0,0,0,0,0,0,0,0,0,0,0,0,0,0,0
0,2.122984301,4.774502404,7.972086459,12.41575887,14.91972845,16.5076389,17.7308,18.63729082,19.27246879,19.67896968,19.89670761,19.96287506,19.91194284,19.77566013,19.58305445,19.36043167,19.131376,18.91675002,18.73469464,18.60062914,18.52725112,18.52453656,18.59973977,18.75739341,18.99930851,19.32457442,19.72955885,20.20790788,20.75054591,21.3456757,21.97877837,22.63261337,23.28721852,23.91990998,24.50528224,25.01520819,25.41883901,25.68260426,25.77021186,25.64264806,25.25817747,24.57234303,23.53796606,22.1051462,20.22126147,17.8309682,14.87620111,11.29617324,7.027376004,2.00357914,0,0,0,0,0,0,0,0,0,0,0,0,0,0,0,0,0,0,0
0,2.088033417,4.695899338,7.840841275,12.22346634,14.71955179,16.32876819,17.58937664,18.54754718,19.24680884,19.72804968,20.02951675,20.18681611,20.23291282,20.19813097,20.11015362,19.99402285,19.87213976,19.76426443,19.68751597,19.65637247,19.68267105,19.77560783,19.94173791,20.18497542,20.50659351,20.90522429,21.37685892,21.91484754,22.5098993,23.15008237,23.82082389,24.50491005,25.18248601,25.83105596,26.42548308,26.93798956,27.33815659,27.59292438,27.66659214,27.52081806,27.11461939,26.40437232,25.3438121,23.88403296,21.97348813,19.55798986,16.58070941,12.98217701,8.700281948,3.670272473,0,0,0,0,0,0,0,0,0,0,0,0,0,0,0,0,0,0,0
0,2.053082534,4.617296271,7.709596092,12.03117381,14.51937512,16.14989748,17.44795329,18.45780354,19.22114889,19.77712968,20.16232588,20.41075716,20.55388281,20.6206018,20.63725278,20.62761403,20.61290352,20.61177884,20.64033729,20.71211581,20.83809098,21.02667909,21.28373604,21.61255744,22.01387851,22.48587417,23.02415899,23.62178721,24.2692527,24.95448903,25.66286942,26.37720673,27.0777535,27.74220194,28.34568391,28.86077093,29.25747417,29.5032445,29.56297241,29.39898806,28.9710613,28.23640161,27.14965815,25.66291972,23.7257148,21.28501153,18.2852177,14.66818079,10.37318789,5.336965806,0,0,0,0,0,0,0,0,0,0,0,0,0,0,0,0,0,0,0
0,2.018131651,4.538693204,7.578350909,11.83888127,14.31919845,15.97102678,17.30652993,18.36805989,19.19548894,19.82620968,20.29513502,20.63469821,20.87485279,21.04307264,21.16435195,21.26120522,21.35366727,21.45929325,21.59315862,21.76785914,21.99351092,22.27775035,22.62573418,23.04013945,23.52116351,24.06652405,24.67145906,25.32872687,26.0286061,26.7588957,27.50491494,28.2495034,28.97302099,29.65334793,30.26588474,30.7835523,31.17679176,31.41356462,31.45935268,31.27715806,30.82750322,30.0684309,28.95550419,27.44180647,25.47794147,23.01203319,19.989726,16.35418456,12.04609384,7.00365914,1.162606083,0,0,0,0,0,0,0,0,0,0,0,0,0,0,0,0,0,0
0,1.983180767,4.460090138,7.447105725,11.64658874,14.11902179,15.79215607,17.16510658,18.27831625,19.16982899,19.87528968,20.42794416,20.85863926,21.19582277,21.46554348,21.69145112,21.8947964,22.09443103,22.30680766,22.54597994,22.82360247,23.14893085,23.52882162,23.96773232,24.46772146,25.02844851,25.64717393,26.31875913,27.03566653,27.7879595,28.56330237,29.34696046,30.12180008,30.86828848,31.56449391,32.18608558,32.70633367,33.09610934,33.32388473,33.35573295,33.15532806,32.68394514,31.90046019,30.76135023,29.22069323,27.23016813,24.73905486,21.6942343,18.04018833,13.71899978,8.670352473,2.831531194,0,0,0,0,0,0,0,0,0,0,0,0,0,0,0,0,0,0
0,1.948229884,4.381487071,7.315860542,11.45429621,13.91884512,15.61328536,17.02368322,18.18857261,19.14416904,19.92436968,20.5607533,21.08258031,21.51679276,21.88801432,22.21855028,22.52838759,22.83519479,23.15432207,23.49880126,23.87934581,24.30435078,24.77989288,25.30973046,25.89530347,26.53573351,27.2278238,27.96605921,28.7426062,29.54731289,30.36770903,31.18900599,31.99409676,32.76355597,33.4756399,34.10628641,34.62911504,35.01542693,35.23420485,35.25211322,35.03349806,34.54038706,33.73248949,32.56719628,30.99957999,28.9823948,26.46607652,23.3987426,19.7261921,15.39190572,10.33704581,4.500456304,0,0,0,0,0,0,0,0,0,0,0,0,0,0,0,0,0,0
0,1.913279001,4.302884004,7.184615359,11.26200367,13.71866845,15.43441465,16.88225986,18.09882897,19.11850909,19.97344968,20.69356243,21.30652136,21.83776274,22.31048515,22.74564945,23.16197877,23.57595854,24.00183648,24.45162259,24.93508914,25.45977071,26.03096415,26.65172859,27.32288548,28.04301851,28.80847368,29.61335928,30.44954586,31.30666629,32.1721157,33.03105151,33.86639344,34.65882346,35.38678588,36.02648724,36.55189641,36.93474451,37.14452497,37.14849349,36.91166806,36.39682897,35.56451878,34.37304232,32.77846675,30.73462147,28.19309818,25.10325089,21.41219587,17.06481167,12.00373914,6.169381415,0,0,0,0,0,0,0,0,0,0,0,0,0,0,0,0,0,0
0,1.878328117,4.224280938,7.053370175,11.06971114,13.51849179,15.25554394,16.74083651,18.00908532,19.09284914,20.02252968,20.82637157,21.53046241,22.15873273,22.73295599,23.27274862,23.79556995,24.3167223,24.8493509,25.40444391,25.99083247,26.61519064,27.28203541,27.99372673,28.75046749,29.55030351,30.38912356,31.26065935,32.15648553,33.06601969,33.97652237,34.87309704,35.73869011,36.55409096,37.29793186,37.94668808,38.47467778,38.85406209,39.05484509,39.04487376,38.78983806,38.25327089,37.39654807,36.17888837,34.5573535,32.48684813,29.92011985,26.80775919,23.09819964,18.73771761,13.67043247,7.838306526,1.181145015,0,0,0,0,0,0,0,0,0,0,0,0,0,0,0,0,0
0,1.843377234,4.145677871,6.922124992,10.87741861,13.31831512,15.07667323,16.59941315,17.91934168,19.06718919,20.07160968,20.95918071,21.75440346,22.47970271,23.15542683,23.79984778,24.42916114,25.05748606,25.69686531,26.35726524,27.04657581,27.77061057,28.53310667,29.33572487,30.1780495,31.05758851,31.96977343,32.90795942,33.86342519,34.82537308,35.78092903,36.71514256,37.61098679,38.44935845,39.20907785,39.86688891,40.39745915,40.77337968,40.9651652,40.94125403,40.66800806,40.10971281,39.22857736,37.98473441,36.33624026,34.2390748,31.64714151,28.51226749,24.78420341,20.41062356,15.33712581,9.507231636,2.862386119,0,0,0,0,0,0,0,0,0,0,0,0,0,0,0,0,0
0,1.808426351,4.067074804,6.790879809,10.68512607,13.11813845,14.89780252,16.4579898,17.82959804,19.04152925,20.12068968,21.09198984,21.97834451,22.80067269,23.57789767,24.32694695,25.06275232,25.79824982,26.54437972,27.31008656,28.10231914,28.9260305,29.78417794,30.67772301,31.60563151,32.56487351,33.55042331,34.55525949,35.57036485,36.58472648,37.5853357,38.55718808,39.48328347,40.34462594,41.12022383,41.78708974,42.32024052,42.69269726,42.87548532,42.8376343,42.54617806,41.96615472,41.06060665,39.79058045,38.11512702,35.99130147,33.37416318,30.21677579,26.47020718,22.0835295,17.00381914,11.17615675,4.543627223,0,0,0,0,0,0,0,0,0,0,0,0,0,0,0,0,0
0,1.773475467,3.988471738,6.659634625,10.49283354,12.91796179,14.71893181,16.31656644,17.73985439,19.0158693,20.16976968,21.22479898,22.20228556,23.12164268,24.0003685,24.85404612,25.69634351,26.53901357,27.39189413,28.26290788,29.15806247,30.08145043,31.0352492,32.01972114,33.03321352,34.07215851,35.13107319,36.20255956,37.27730452,38.34407988,39.38974237,40.39923361,41.35558014,42.23989343,43.03136982,43.70729058,44.24302189,44.61201485,44.78580544,44.73401457,44.42434806,43.82259664,42.89263594,41.5964265,39.89401378,37.74352813,35.10118484,31.92128408,28.15621095,23.75643544,18.67051247,12.84508186,6.224868327,0,0,0,0,0,0,0,0,0,0,0,0,0,0,0,0,0
0,1.738524584,3.909868671,6.528389442,10.30054101,12.71778512,14.5400611,16.17514308,17.65011075,18.99020935,20.21884968,21.35760812,22.42622661,23.44261266,24.42283934,25.38114528,26.32993469,27.27977733,28.23940854,29.21572921,30.21380581,31.23687036,32.28632047,33.36171928,34.46079553,35.57944351,36.71172307,37.84985963,38.98424418,40.10343328,41.19414903,42.24127913,43.22787682,44.13516092,44.9425158,45.62749141,46.16580326,46.53133243,46.69612555,46.63039484,46.30251806,45.67903856,44.72466523,43.40227254,41.67290053,39.4957548,36.8282065,33.62579238,29.84221472,25.42934139,20.33720581,14.51400697,7.906109431,0.458043316,0,0,0,0,0,0,0,0,0,0,0,0,0,0,0,0
0,1.703573701,3.831265604,6.397144259,10.10824847,12.51760845,14.36119039,16.03371973,17.56036711,18.9645494,20.26792968,21.49041726,22.65016766,23.76358265,24.84531018,25.90824445,26.96352587,28.02054109,29.08692295,30.16855053,31.26954914,32.39229029,33.53739173,34.70371742,35.88837754,37.08672851,38.29237294,39.4971597,40.69118385,41.86278667,42.9985557,44.08332466,45.1001735,46.03042841,46.85366178,47.54769224,48.08858463,48.45065001,48.60644567,48.52677511,48.18068806,47.53548048,46.55669452,45.20811859,43.45178729,41.24798147,38.55522817,35.33030068,31.52821849,27.10224733,22.00389914,16.18293208,9.587350535,2.163405113,0,0,0,0,0,0,0,0,0,0,0,0,0,0,0,0
0,1.668622817,3.752662538,6.265899075,9.91595594,12.31743179,14.18231968,15.89229637,17.47062347,18.93888945,20.31700968,21.62322639,22.87410871,24.08455263,25.26778102,26.43534362,27.59711706,28.76130485,29.93443736,31.12137186,32.32529247,33.54771022,34.78846299,36.04571556,37.31595955,38.59401351,39.87302282,41.14445977,42.39812351,43.62214007,44.80296237,45.92537018,46.97247018,47.9256959,48.76480777,49.46789308,50.011366,50.3699676,50.51676579,50.42315538,50.05885806,49.39192239,48.38872381,47.01396463,45.23067405,43.00020813,40.28224983,37.03480897,33.21422226,28.77515328,23.67059247,17.85185719,11.26859164,3.86876691,0,0,0,0,0,0,0,0,0,0,0,0,0,0,0,0
0,1.633671934,3.674059471,6.134653892,9.723663406,12.11725512,14.00344897,15.75087302,17.38087982,18.9132295,20.36608968,21.75603553,23.09804976,24.40552261,25.69025185,26.96244278,28.23070824,29.5020686,30.78195177,32.07419318,33.38103581,34.70313015,36.03953426,37.38771369,38.74354156,40.10129851,41.4536727,42.79175984,44.10506317,45.38149347,46.60736903,47.7674157,48.84476685,49.82096339,50.67595375,51.38809391,51.93414737,52.28928518,52.42708591,52.31953565,51.93702806,51.24836431,50.2207531,48.81981067,47.0095608,44.7524348,42.0092715,38.73931727,34.90022603,30.44805922,25.33728581,19.5207823,12.94983274,5.574128708,0,0,0,0,0,0,0,0,0,0,0,0,0,0,0,0
0,1.598721051,3.595456404,6.003408709,9.531370873,11.91707845,13.82457826,15.60944966,17.29113618,18.88756955,20.41516968,21.88884467,23.32199082,24.7264926,26.11272269,27.48954195,28.86429943,30.24283236,31.62946618,33.0270145,34.43677914,35.85855008,37.29060552,38.72971183,40.17112357,41.60858351,43.03432258,44.43905991,45.81200284,47.14084687,48.4117757,49.60946123,50.71706353,51.71623088,52.58709974,53.30829474,53.85692875,54.20860277,54.33740602,54.21591592,53.81519806,53.10480623,52.05278239,50.62565672,48.78844756,46.50466147,43.73629316,40.44382557,36.5862298,32.12096516,27.00397914,21.18970741,14.63107385,7.279490505,0,0,0,0,0,0,0,0,0,0,0,0,0,0,0,0
0,1.563770167,3.516853338,5.872163525,9.33907834,11.71690179,13.64570755,15.4680263,17.20139254,18.8619096,20.46424968,22.02165381,23.54593187,25.04746258,26.53519353,28.01664112,29.49789061,30.98359612,32.47698059,33.97983583,35.49252247,37.01397001,38.54167679,40.07170997,41.59870558,43.11586851,44.61497245,46.08635998,47.5189425,48.90020026,50.21618237,51.45150675,52.58936021,53.61149837,54.49824572,55.22849558,55.77971012,56.12792035,56.24772614,56.1122962,55.69336806,54.96124815,53.88481168,52.43150276,50.56733432,48.25688813,45.46331482,42.14833387,38.27223357,33.79387111,28.67067247,22.85863252,16.31231495,8.984852302,0.827945964,0,0,0,0,0,0,0,0,0,0,0,0,0,0,0
0,1.528819284,3.438250271,5.740918342,9.146785806,11.51672512,13.46683684,15.32660295,17.1116489,18.83624965,20.51332968,22.15446294,23.76987292,25.36843257,26.95766436,28.54374028,30.13148179,31.72435988,33.324495,34.93265715,36.54826581,38.16938994,39.79274805,41.4137081,43.0262876,44.62315351,46.19562233,47.73366005,49.22588217,50.65955366,52.02058903,53.29355228,54.46165689,55.50676586,56.4093917,57.14869641,57.70249149,58.04723793,58.15804626,58.00867647,57.57153806,56.81769006,55.71684097,54.23734881,52.34622108,50.0091148,47.19033649,43.85284216,39.95823735,35.46677705,30.33736581,24.52755763,17.99355605,10.6902141,2.571034295,0,0,0,0,0,0,0,0,0,0,0,0,0,0,0
0,1.493868401,3.359647204,5.609673159,8.954493273,11.31654845,13.28796614,15.18517959,17.02190525,18.8105897,20.56240968,22.28727208,23.99381397,25.68940255,27.3801352,29.07083945,30.76507298,32.46512363,34.17200941,35.88547848,37.60400914,39.32480988,41.04381931,42.75570624,44.45386961,46.13043851,47.77627221,49.38096012,50.93282183,52.41890706,53.8249957,55.1355978,56.33395356,57.40203335,58.32053769,59.06889724,59.62527286,59.96655552,60.06836638,59.90505674,59.44970806,58.67413198,57.54887026,56.04319485,54.12510783,51.76134147,48.91735815,45.55735046,41.64424112,37.139683,32.00405914,26.19648274,19.67479716,12.3955759,4.314122625,0,0,0,0,0,0,0,0,0,0,0,0,0,0,0
0,1.458917517,3.281044138,5.478427975,8.76220074,11.11637179,13.10909543,15.04375624,16.93216161,18.78492975,20.61148968,22.42008122,24.21775502,26.01037253,27.80260604,29.59793862,31.39866416,33.20588739,35.01952382,36.8382998,38.65975247,40.48022981,42.29489058,44.09770438,45.88145162,47.63772351,49.35692209,51.02826019,52.63976149,54.17826046,55.62940237,56.97764332,58.20625024,59.29730084,60.23168367,60.98909808,61.54805423,61.8858731,61.97868649,61.80143701,61.32787806,60.5305739,59.38089955,57.84904089,55.90399459,53.51356813,50.64437982,47.26185876,43.33024489,38.81258894,33.67075247,27.86540785,21.35603826,14.10093769,6.057210956,0,0,0,0,0,0,0,0,0,0,0,0,0,0,0
0,1.423966634,3.202441071,5.347182792,8.569908206,10.91619512,12.93022472,14.90233288,16.84241797,18.7592698,20.66056968,22.55289036,24.44169607,26.33134252,28.22507688,30.12503778,32.03225535,33.94665115,35.86703823,37.79112112,39.71549581,41.63564974,43.54596184,45.43970252,47.30903363,49.14500851,50.93757196,52.67556027,54.34670116,55.93761385,57.43380903,58.81968885,60.07854692,61.19256833,62.14282966,62.90929891,63.4708356,63.80519069,63.88900661,63.69781728,63.20604806,62.38701582,61.21292885,59.65488694,57.68288135,55.2657948,52.37140148,48.96636706,45.01624866,40.48549488,35.33744581,29.53433296,23.03727937,15.80629949,7.800299287,0,0,0,0,0,0,0,0,0,0,0,0,0,0,0
0,1.389015751,3.123838004,5.215937609,8.377615673,10.71601845,12.75135401,14.76090952,16.75267433,18.73360985,20.70964968,22.68569949,24.66563712,26.6523125,28.64754771,30.65213695,32.66584653,34.6874149,36.71455264,38.74394245,40.77123914,42.79106967,44.79703311,46.78170065,48.73661564,50.65229351,52.51822184,54.32286034,56.05364082,57.69696725,59.2382157,60.66173437,61.9508436,63.08783582,64.05397564,64.82949974,65.39361697,65.72450827,65.79932673,65.59419755,65.08421806,64.24345773,63.04495814,61.46073298,59.46176811,57.01802147,54.09842314,50.67087535,46.70225243,42.15840083,37.00413914,31.20325808,24.71852047,17.51166129,9.543387617,0.773378669,0,0,0,0,0,0,0,0,0,0,0,0,0,0
0,1.354064867,3.045234938,5.084692425,8.18532314,10.51584179,12.5724833,14.61948617,16.66293068,18.7079499,20.75872968,22.81850863,24.88957817,26.97328249,29.07001855,31.17923612,33.29943771,35.42817866,37.56206706,39.69676377,41.82698247,43.9464896,46.04810437,48.12369879,50.16419765,52.15957851,54.09887172,55.97016041,57.76058049,59.45632065,61.04262237,62.5037799,63.82314027,64.98310332,65.96512162,66.74970058,67.31639834,67.64382585,67.70964685,67.49057782,66.96238806,66.09989965,64.87698743,63.26657903,61.24065486,58.77024813,55.82544481,52.37538365,48.3882562,43.83130677,38.67083247,32.87218319,26.39976157,19.21702309,11.28647595,2.569681169,0,0,0,0,0,0,0,0,0,0,0,0,0,0
0,1.319113984,2.966631871,4.953447242,7.993030606,10.31566512,12.39361259,14.47806281,16.57318704,18.68228995,20.80780968,22.95131777,25.11351922,27.29425247,29.49248939,31.70633528,33.9330289,36.16894242,38.40958147,40.6495851,42.88272581,45.10190953,47.29917563,49.46569693,51.59177966,53.66686351,55.67952159,57.61746048,59.46752015,61.21567404,62.84702903,64.34582542,65.69543695,66.87837081,67.87626761,68.66990141,69.23917971,69.56314344,69.61996696,69.38695809,68.84055806,67.95634157,66.70901672,65.07242507,63.01954162,60.5224748,57.55246647,54.07989195,50.07425997,45.50421272,40.33752581,34.5411083,28.08100268,20.92238488,13.02956428,4.365983669,0,0,0,0,0,0,0,0,0,0,0,0,0,0
0,1.284163101,2.888028804,4.822202059,7.800738073,10.11548845,12.21474188,14.33663946,16.4834434,18.65663001,20.85688968,23.0841269,25.33746027,27.61522245,29.91496023,32.23343445,34.56662008,36.90970618,39.25709588,41.60240642,43.93846914,46.25732946,48.5502469,50.80769507,53.01936167,55.17414851,57.26017147,59.26476055,61.17445981,62.97502744,64.6514357,66.18787094,67.56773363,68.7736383,69.78741359,70.59010224,71.16196108,71.48246102,71.53028708,71.28333836,70.71872806,69.81278348,68.54104601,66.87827111,64.79842838,62.27470147,59.27948814,55.78440025,51.76026374,47.17711866,42.00421914,36.21003341,29.76224378,22.62774668,14.77265261,6.162286169,0,0,0,0,0,0,0,0,0,0,0,0,0,0
0,1.249212217,2.809425738,4.690956875,7.60844554,9.915311788,12.03587117,14.1952161,16.39369975,18.63097006,20.90596968,23.21693604,25.56140132,27.93619244,30.33743106,32.76053362,35.20021127,37.65046993,40.10461029,42.55522774,44.99421247,47.41274939,49.80131816,52.1496932,54.44694368,56.68143351,58.84082135,60.91206062,62.88139948,64.73438084,66.45584237,68.02991647,69.4400303,70.66890579,71.69855958,72.51030308,73.08474245,73.40177861,73.4406072,73.17971863,72.59689806,71.6692254,70.3730753,68.68411716,66.57731514,64.02692813,61.0065098,57.48890854,53.44626751,48.8500246,43.67091247,37.87895852,31.44348489,24.33310848,16.51574094,7.958588669,0,0,0,0,0,0,0,0,0,0,0,0,0,0
0,1.214261334,2.730822671,4.559711692,7.416153006,9.715135121,11.85700046,14.05379274,16.30395611,18.60531011,20.95504968,23.34974518,25.78534237,28.25716242,30.7599019,33.28763278,35.83380245,38.39123369,40.9521247,43.50804907,46.04995581,48.56816932,51.05238943,53.49169134,55.87452569,58.18871851,60.42147123,62.55936069,64.58833914,66.49373424,68.26024903,69.87196199,71.31232698,72.56417328,73.60970556,74.43050391,75.00752382,75.32109619,75.35092731,75.0760989,74.47506806,73.52566732,72.20510459,70.4899632,68.35620189,65.7791548,62.73353146,59.19341684,55.13227128,50.52293055,45.33760581,39.54788363,33.12472599,26.03847028,18.25882927,9.754891169,0.49511957,0,0,0,0,0,0,0,0,0,0,0,0,0
0,1.179310451,2.652219604,4.428466509,7.223860473,9.514958454,11.67812975,13.91236939,16.21421247,18.57965016,21.00412968,23.48255432,26.00928342,28.57813241,31.18237274,33.81473195,36.46739363,39.13199745,41.79963911,44.46087039,47.10569914,49.72358925,52.30346069,54.83368948,57.3021077,59.69600351,62.0021211,64.20666076,66.29527881,68.25308763,70.0646557,71.71400752,73.18462366,74.45944077,75.52085154,76.35070474,76.93030519,77.24041377,77.26124743,76.97247917,76.35323806,75.38210924,74.03713388,72.29580925,70.13508865,67.53138147,64.46055313,60.89792514,56.81827505,52.19583649,47.00429914,41.21680874,34.80596709,27.74383207,20.0019176,11.55119367,2.362086327,0,0,0,0,0,0,0,0,0,0,0,0,0
0,1.144359567,2.573616538,4.297221325,7.03156794,9.314781788,11.49925904,13.77094603,16.12446883,18.55399021,21.05320968,23.61536345,26.23322447,28.89910239,31.60484358,34.34183112,37.10098482,39.87276121,42.64715352,45.41369172,48.16144247,50.87900918,53.55453195,56.17568762,58.72968971,61.20328851,63.58277098,65.85396083,68.00221847,70.01244103,71.86906237,73.55605304,75.05692034,76.35470826,77.43199753,78.27090558,78.85308656,79.15973136,79.17156755,78.86885944,78.23140806,77.23855115,75.86916317,74.10165529,71.91397541,69.28360813,66.18757479,62.60243343,58.50427882,53.86874244,48.67099247,42.88573385,36.4872082,29.44919387,21.74500593,13.34749617,4.229053085,0,0,0,0,0,0,0,0,0,0,0,0,0
0,1.109408684,2.495013471,4.165976142,6.839275406,9.114605121,11.32038833,13.62952268,16.03472518,18.52833026,21.10228968,23.74817259,26.45716552,29.22007237,32.02731441,34.86893028,37.734576,40.61352496,43.49466793,46.36651304,49.21718581,52.03442911,54.80560322,57.51768575,60.15727172,62.71057351,65.16342086,67.5012609,69.70915813,71.77179443,73.67346903,75.39809856,76.92921701,78.24997575,79.34314351,80.19110641,80.77586793,81.07904894,81.08188767,80.76523971,80.10957806,79.09499307,77.70119246,75.90750133,73.69286216,71.0358348,67.91459646,64.30694173,60.19028259,55.54164838,50.33768581,44.55465896,38.1684493,31.15455567,23.48809426,15.14379867,6.096019842,0,0,0,0,0,0,0,0,0,0,0,0,0
0,1.074457801,2.416410404,4.034730959,6.646982873,8.914428454,11.14151762,13.48809932,15.94498154,18.50267031,21.15136968,23.88098173,26.68110658,29.54104236,32.44978525,35.39602945,38.36816719,41.35428872,44.34218234,47.31933436,50.27292914,53.18984904,56.05667448,58.85968389,61.58485373,64.21785851,66.74407074,69.14856097,71.4160978,73.53114783,75.4778757,77.24014409,78.80151369,80.14524324,81.2542895,82.11130724,82.69864931,82.99836653,82.99220778,82.66161998,81.98774806,80.95143499,79.53322175,77.71334738,75.47174892,72.78806147,69.64161812,66.01145003,61.87628636,57.21455432,52.00437914,46.22358407,39.84969041,32.85991746,25.23118259,16.94010117,7.962986599,0,0,0,0,0,0,0,0,0,0,0,0,0
0,1.039506917,2.337807338,3.903485775,6.45469034,8.714251788,10.96264691,13.34667596,15.8552379,18.47701036,21.20044968,24.01379087,26.90504763,29.86201234,32.87225609,35.92312862,39.00175837,42.09505248,45.18969675,48.27215569,51.32867247,54.34526897,57.30774575,60.20168203,63.01243574,65.72514351,68.32472061,70.79586104,73.12303746,75.29050122,77.28228237,79.08218961,80.67381037,82.04051073,83.16543548,84.03150808,84.62143068,84.91768411,84.9025279,84.55800026,83.86591806,82.80787691,81.36525104,79.51919342,77.25063568,74.54028813,71.36863978,67.71595833,63.56229013,58.88746027,53.67107247,47.89250918,41.53093151,34.56527926,26.97427092,18.73640367,9.829953357,0.23297453,0,0,0,0,0,0,0,0,0,0,0,0
0,1.004556034,2.259204271,3.772240592,6.262397806,8.514075121,10.7837762,13.20525261,15.76549426,18.45135041,21.24952968,24.1466,27.12898868,30.18298233,33.29472692,36.45022778,39.63534955,42.83581624,46.03721116,49.22497701,52.38441581,55.5006889,58.55881701,61.54368016,64.44001776,67.23242851,69.90537049,72.44316111,74.82997713,77.04985462,79.08668903,80.92423514,82.54610705,83.93577822,85.07658146,85.95170891,86.54421205,86.83700169,86.81284802,86.45438053,85.74408806,84.66431882,83.19728033,81.32503947,79.02952244,76.2925148,73.09566145,69.42046662,65.24829391,60.56036621,55.33776581,49.56143429,43.21217261,36.27064106,28.71735925,20.53270617,11.69692011,2.190098741,0,0,0,0,0,0,0,0,0,0,0,0
0,0.969605151,2.180601204,3.640995409,6.070105273,8.313898454,10.6049055,13.06382925,15.67575061,18.42569046,21.29860968,24.27940914,27.35292973,30.50395231,33.71719776,36.97732695,40.26894074,43.57657999,46.88472557,50.17779834,53.44015914,56.65610884,59.80988827,62.8856783,65.86759977,68.73971351,71.48602037,74.09046118,76.53691679,78.80920802,80.8910957,82.76628066,84.41840372,85.83104571,86.98772745,87.87190974,88.46699342,88.75631928,88.72316814,88.3507608,87.62225806,86.52076074,85.02930962,83.13088551,80.80840919,78.04474147,74.82268311,71.12497492,66.93429768,62.23327216,57.00445914,51.2303594,44.89341372,37.97600286,30.46044759,22.32900867,13.56388687,4.147222952,0.643234355,0.331230472,0,0,0,0,0,0,0,0,0,0
0,0.934654267,2.101998138,3.509750225,5.87781274,8.113721788,10.42603479,12.9224059,15.58600697,18.40003051,21.34768968,24.41221828,27.57687078,30.82492229,34.1396686,37.50442612,40.90253192,44.31734375,47.73223998,51.13061966,54.49590247,57.81152877,61.06095954,64.22767644,67.29518178,70.24699851,73.06667025,75.73776125,78.24385645,80.56856142,82.69550237,84.60832618,86.2907004,87.7263132,88.89887343,89.79211058,90.38977479,90.67563686,90.63348825,90.24714107,89.50042806,88.37720266,86.86133891,84.93673155,82.58729595,79.79696813,76.54970478,72.82948322,68.62030145,63.9061781,58.67115247,52.89928451,46.57465482,39.68136465,32.20353592,24.12531117,15.43085363,6.104347162,2.474869913,1.921359006,1.339319032,0.728652483,0.089282503,0,0,0,0,0,0,0
0,0.899703384,2.023395071,3.378505042,5.685520206,7.913545121,10.24716408,12.78098254,15.49626333,18.37437056,21.39676968,24.54502742,27.80081183,31.14589228,34.56213944,38.03152528,41.53612311,45.05810751,48.57975439,52.08344098,55.55164581,58.9669487,62.3120308,65.56967458,68.72276379,71.75428351,74.64732012,77.38506133,79.95079612,82.32791481,84.49990903,86.45037171,88.16299708,89.62158069,90.81001942,91.71231141,92.31255616,92.59495445,92.54380837,92.14352134,91.37859806,90.23364458,88.69336821,86.7425776,84.36618271,81.5491948,78.27672644,74.53399152,70.30630522,65.57908404,60.33784581,54.56820962,48.25589593,41.38672645,33.94662425,25.92161367,17.29782039,8.061471373,4.30650547,3.51148754,2.689709032,1.84285347,0.972705687,0.081151824,0,0,0,0,0,0
0,0.864752501,1.944792004,3.247259859,5.493227673,7.713368454,10.06829337,12.63955918,15.40651969,18.34871061,21.44584968,24.67783655,28.02475288,31.46686226,34.98461027,38.55862445,42.16971429,45.79887126,49.4272688,53.03626231,56.60738914,60.12236863,63.56310207,66.91167271,70.1503458,73.26156851,76.22797,79.0323614,81.65773578,84.08726821,86.3043157,88.29241723,90.03529376,91.51684818,92.7211654,93.63251224,94.23533753,94.51427203,94.45412849,94.03990161,93.25676806,92.09008649,90.5253975,88.54842364,86.14506947,83.30142147,80.0037481,76.23849981,71.99230899,67.25198999,62.00453914,56.23713474,49.93713703,43.09208825,35.68971258,27.71791617,19.16478714,10.01859558,6.138141027,5.101616074,4.040099032,2.957054458,1.856128871,0.741150758,0,0,0,0,0,0
0,0.829801617,1.866188938,3.116014675,5.30093514,7.513191788,9.889422658,12.49813583,15.31677604,18.32305066,21.49492968,24.81064569,28.24869393,31.78783225,35.40708111,39.08572362,42.80330547,46.53963502,50.27478322,53.98908363,57.66313247,61.27778856,64.81417333,68.25367085,71.57792781,74.76885351,77.80861988,80.67966147,83.36467545,85.84662161,88.10872237,90.13446276,91.90759043,93.41211568,94.63231138,95.55271308,96.1581189,96.43358961,96.36444861,95.93628188,95.13493806,93.94652841,92.35742679,90.35426969,87.92395622,85.05364813,81.73076977,77.94300811,73.67831276,68.92489593,63.67123247,57.90605985,51.61837813,44.79745005,37.43280091,29.51421867,21.0317539,11.97571979,7.969776585,6.691744608,5.390489032,4.071255445,2.739552055,1.401149692,0.062081808,0,0,0,0,0
0.0262,1.0485265,2.358092,3.9373555,5.768776,7.8348125,10.117924,12.6005695,15.265208,18.0942985,21.0703,24.1756715,27.392872,30.7043605,34.092596,37.5400375,41.029144,44.5423745,48.062188,51.5710435,55.0514,58.4857165,61.856452,65.1460655,68.337016,71.4117625,74.352764,77.1424795,79.763368,82.1978885,84.4285,86.4376615,88.207832,89.7214705,90.961036,91.9089875,92.547784,92.8598845,92.827748,92.4338335,91.6606,90.4905065,88.906012,86.8895755,84.423656,81.4907125,78.073204,74.1535895,69.714328,64.7378785,59.2067,53.1032515,46.409992,39.1093805,31.183876,22.6159375,13.388024,3.4825945,0,0,0,0,0,0,0,0,0,0,0,0
0.024453333,0.978624733,2.200885867,3.674865133,5.485531755,7.56274375,9.882926475,12.42554806,15.17020461,18.09662014,21.18464667,24.41426412,27.76558039,31.21883134,34.75438077,38.35272042,41.99446999,45.66037716,49.33131751,52.98829462,56.61244,60.1850131,63.68740135,67.10112012,70.40781271,73.58925042,76.62733245,79.50408598,82.20166615,84.70235604,86.98856667,89.04283702,90.84783405,92.38635262,93.64131559,94.59577375,95.23290583,95.53601854,95.48854653,95.07405238,94.27622667,93.07888788,91.46598247,89.42158486,86.92989741,83.97525042,80.54210215,76.61503884,72.17877463,67.21815166,61.71814,55.66383766,49.04047063,41.83339284,34.02808615,25.61016042,16.56535341,6.879530865,3.182052341,2.731186611,2.279133333,1.828641651,1.382588661,0.943979411,0.515946901,0.101752083,0,0,0,0
0.022706667,0.908722967,2.043679733,3.412374767,5.202287509,7.290675,9.647928949,12.25052663,15.07520122,18.09894179,21.29899333,24.65285674,28.13828879,31.73330219,35.41616554,39.16540333,42.95979599,46.77837982,50.60044703,54.40554575,58.17348,61.88430971,65.51835071,69.05617474,72.47860943,75.76673833,78.9019009,81.86569247,84.63996431,87.20682358,89.54863333,91.64801255,93.4878361,95.05123475,96.32159519,97.28256,97.91802767,98.21215259,98.14934506,97.71427127,96.89185333,95.66726926,94.02595295,91.95359423,89.43613882,86.45978833,83.01100031,79.07648818,74.64322127,69.69842483,64.22958,58.22442383,51.67094927,44.55740518,36.87229631,28.60438333,19.74268282,10.27646723,6.364104683,5.462373223,4.558266667,3.657283303,2.765177323,1.887958823,1.031893803,0.203504167,0,0,0,0
0.02096,0.8388212,1.8864736,3.1498844,4.919043264,7.01860625,9.412931424,12.07550519,14.98019782,18.10126343,21.41334,24.89144935,28.51099718,32.24777303,36.0779503,39.97808625,43.92512198,47.89638247,51.86957654,55.82279687,59.73452,63.58360631,67.34930006,71.01122935,74.54940614,77.94422625,81.17646934,84.22729895,87.07826246,89.71129111,92.1087,94.25318807,96.12783814,97.71611687,99.00187478,99.96934625,100.6031495,100.8882866,100.8101436,100.3544902,99.50748,98.25565063,96.58592342,94.48560359,91.94238022,88.94432625,85.47989846,81.53793751,77.1076679,72.17869799,66.74102,60.78500999,54.3014279,47.28141751,39.71650646,31.59860625,22.92001222,13.67340359,9.546157024,8.193559834,6.8374,5.485924954,4.147765984,2.831938234,1.547840704,0.30525625,0,0,0,0
0.019213333,0.768919433,1.729267467,2.887394033,4.635799019,6.7465375,9.177933899,11.90048376,14.88519443,18.10358508,21.52768667,25.13004197,28.88370558,32.76224388,36.73973507,40.79076917,44.89044798,49.01438513,53.13870606,57.240048,61.29556,65.28290292,69.18024942,72.96628397,76.62020286,80.12171417,83.45103779,86.58890544,89.51656062,92.21575865,94.66876667,96.8583636,98.76784019,100.380999,101.6821544,102.6561325,103.2882713,103.5644207,103.4709421,102.994709,102.1231067,100.844032,99.1458939,97.01761296,94.44862163,91.42886417,87.94879662,83.99938685,79.57211454,74.65897116,69.25246,63.34559616,56.93190654,50.00542985,42.56071662,34.59282917,26.09734163,17.07033996,12.72820937,10.92474645,9.116533333,7.314566605,5.530354645,3.775917645,2.063787605,0.407008333,0,0,0,0
0.017466667,0.699017667,1.572061333,2.624903667,4.352554773,6.47446875,8.942936373,11.72546232,14.79019104,18.10590672,21.64203333,25.36863459,29.25641397,33.27671472,37.40151984,41.60345208,45.85577397,50.13238779,54.40783557,58.65729912,62.8566,66.98219952,71.01119877,74.92133859,78.69099957,82.29920208,85.72560624,88.95051192,91.95485877,94.72022619,97.22883333,99.46353912,101.4078422,103.0458811,104.362434,105.3429188,105.9733932,106.2405547,106.1317406,105.6349279,104.7387333,103.4324134,101.7058644,99.54962232,96.95486304,93.91340208,90.41769477,86.46083619,82.03656117,77.13924432,71.7639,65.90618232,59.56238517,52.72944219,45.40492677,37.58705208,29.27467104,20.46727632,15.91026171,13.65593306,11.39566667,9.143208257,6.912943307,4.719897057,2.579734507,0.508760417,0,0,0,0
0.01572,0.6291159,1.4148552,2.3624133,4.069310528,6.2024,8.707938848,11.55044089,14.69518765,18.10822837,21.75638,25.60722721,29.62912237,33.79118557,38.06330461,42.416135,46.82109997,51.25039045,55.67696509,60.07455025,64.41764,68.68149613,72.84214813,76.87639321,80.76179629,84.47669,88.00017469,91.31211841,94.39315693,97.22469373,99.7889,102.0687146,104.0478443,105.7107632,107.0427136,108.029705,108.658515,108.9166888,108.7925392,108.2751468,107.35436,106.0207948,104.2658348,102.0816317,99.46110445,96.39794,92.88659293,88.92228553,84.50100781,79.61951749,74.27534,68.46676849,62.19286381,55.45345453,48.24913693,40.581275,32.45200045,23.86421269,19.09231405,16.38711967,13.6748,10.97184991,8.295531968,5.663876468,3.095681408,0.6105125,0,0,0,0
0.013973333,0.559214133,1.257649067,2.099922933,3.786066283,5.93033125,8.472941323,11.37541945,14.60018426,18.11055001,21.87072667,25.84581983,30.00183076,34.30565641,38.72508938,43.22881792,47.78642596,52.36839311,56.9460946,61.49180137,65.97868,70.38079273,74.67309748,78.83144783,82.832593,86.65417792,90.27474314,93.67372489,96.83145508,99.72916127,102.3489667,104.6738902,106.6878463,108.3756454,109.7229932,110.7164913,111.3436368,111.5928228,111.4533377,110.9153657,109.9699867,108.6091761,106.8258053,104.6136411,101.9673459,98.88247792,95.35549108,91.38373487,86.96545444,82.09979065,76.78678,71.02735465,64.82334244,58.17746687,51.09334708,43.57549792,35.62932986,27.26114905,22.27436639,19.11830628,15.95393333,12.80049156,9.678120629,6.607855879,3.611628309,0.712264583,0,0,0,0
0.012226667,0.489312367,1.100442933,1.837432567,3.502822037,5.6582625,8.237943797,11.20039802,14.50518086,18.11287166,21.98507333,26.08441244,30.37453916,34.82012726,39.38687414,44.04150083,48.75175196,53.48639576,58.21522412,62.9090525,67.53972,72.08008934,76.50404684,80.78650244,84.90338972,88.83166583,92.54931158,96.03533138,99.26975324,102.2336288,104.9090333,107.2790657,109.3278484,111.0405275,112.4032728,113.4032775,114.0287587,114.2689569,114.1141362,113.5555846,112.5856133,111.1975575,109.3857758,107.1456504,104.4735873,101.3670158,97.82438924,93.8451842,89.42990108,84.58006382,79.29822,73.58794082,67.45382108,60.9014792,53.93755724,46.56972083,38.80665926,30.65808542,25.45641873,21.84949289,18.23306667,14.62913321,11.06070929,7.551835291,4.127575211,0.814016667,0,0,0,0
0.01048,0.4194106,0.9432368,1.5749422,3.219577792,5.38619375,8.002946272,11.02537658,14.41017747,18.1151933,22.09942,26.32300506,30.74724755,35.3345981,40.04865891,44.85418375,49.71707795,54.60439842,59.48435363,64.32630362,69.10076,73.77938594,78.33499619,82.74155706,86.97418643,91.00915375,94.82388003,98.39693786,101.7080514,104.7380963,107.4691,109.8842412,111.9678504,113.7054096,115.0835524,116.0900638,116.7138805,116.9450909,116.7749348,116.1958035,115.20124,113.7859389,111.9457463,109.6776598,106.9798287,103.8515538,100.2932874,96.30663354,91.89434771,87.06033698,81.80966,76.14852698,70.08429971,63.62549154,56.78176739,49.56394375,41.98398867,34.05502178,28.63847107,24.5806795,20.5122,16.45777486,12.44329795,8.495814702,4.643522112,0.91576875,0,0,0,0
0.008733333,0.349508833,0.786030667,1.312451833,2.936333547,5.114125,7.767948747,10.85035515,14.31517408,18.11751495,22.21376667,26.56159768,31.11995595,35.84906895,40.71044368,45.66686667,50.68240395,55.72240108,60.75348315,65.74355475,70.6618,75.47868255,80.16594555,84.69661168,89.04498315,93.18664167,97.09844848,100.7585443,104.1463495,107.2425639,110.0291667,112.4894167,114.6078525,116.3702917,117.7638319,118.77685,119.3990023,119.6212249,119.4357333,118.8360223,117.8168667,116.3743203,114.5057167,112.2096691,109.4860701,106.3360917,102.7621855,98.76808288,94.35879435,89.54061015,84.3211,78.70911315,72.71477835,66.34950388,59.62597755,52.55816667,45.16131808,37.45195815,31.82052341,27.31186611,22.79133333,18.28641651,13.82588661,9.439794113,5.159469013,1.017520833,0,0,0,0
0.006986667,0.279607067,0.628824533,1.049961467,2.653089301,4.84205625,7.532951221,10.67533371,14.22017069,18.11983659,22.32811333,26.8001903,31.49266434,36.36353979,41.37222845,46.47954958,51.64772994,56.84040374,62.02261266,67.16080587,72.22284,77.17797915,81.9968949,86.6516663,91.11577986,95.36412958,99.37301693,103.1201508,106.5846477,109.7470314,112.5892333,115.0945923,117.2478545,119.0351739,120.4441115,121.4636363,122.0841242,122.297359,122.0965318,121.4762412,120.4324933,118.9627017,117.0656872,114.7416785,111.9923115,108.8206296,105.2310837,101.2295322,96.82324098,92.02088331,86.83254,81.26969931,75.34525698,69.07351622,62.4701877,55.55238958,48.33864749,40.84889451,35.00257575,30.04305272,25.07046667,20.11505816,15.20847527,10.38377352,5.675415915,1.119272917,0,0,0,0
0.00524,0.2097053,0.4716184,0.7874711,2.369845056,4.5699875,7.297953696,10.50031228,14.1251673,18.12215824,22.44246,27.03878292,31.86537274,36.87801064,42.03401322,47.2922325,52.61305594,57.9584064,63.29174218,68.578057,73.78388,78.87727576,83.82784426,88.60672092,93.18657658,97.5416175,101.6475854,105.4817573,109.0229459,112.251499,115.1493,117.6997678,119.8878566,121.700056,123.1243911,124.1504225,124.769246,124.973493,124.7573303,124.1164601,123.04812,121.551083,119.6256577,117.2736879,114.4985529,111.3051675,107.6999819,103.6909816,99.28768762,94.50115648,89.34398,83.83028548,77.97573562,71.79752856,65.31439786,58.5466125,51.5159769,44.24583088,38.1846281,32.77423934,27.3496,21.94369982,16.59106394,11.32775294,6.191362816,1.221025,0,0,0,0
0.003493333,0.139803533,0.314412267,0.524980733,2.086600811,4.29791875,7.062956171,10.32529084,14.0301639,18.12447988,22.55680667,27.27737553,32.23808113,37.39248148,42.69579798,48.10491542,53.57838193,59.07640905,64.56087169,69.99530812,75.34492,80.57657236,85.65879361,90.56177553,95.25737329,99.71910542,103.9221538,107.8433638,111.461244,114.7559665,117.7093667,120.3049433,122.5278586,124.3649381,125.8046707,126.8372088,127.4543679,127.6496271,127.4181289,126.756679,125.6637467,124.1394644,122.1856282,119.8056972,117.0047943,113.7897054,110.16888,106.1524309,101.7521343,96.98142964,91.85542,86.39087164,80.60621425,74.52154089,68.15860801,61.54083542,54.6933063,47.64276724,41.36668044,35.50542595,29.62873333,23.77234147,17.9736526,12.27173235,6.707309717,1.322777083,0,0,0,0
0.001746667,0.069901767,0.157206133,0.262490367,1.803356565,4.02585,6.827958645,10.15026941,13.93516051,18.12680153,22.67115333,27.51596815,32.61078953,37.90695233,43.35758275,48.91759833,54.54370793,60.19441171,65.83000121,71.41255925,76.90596,82.27586897,87.48974297,92.51683015,97.32817001,101.8965933,106.1967223,110.2049703,113.8995422,117.260434,120.2694333,122.9101188,125.1678607,127.0298202,128.4849503,129.523995,130.1394897,130.3257611,130.0789274,129.3968979,128.2793733,126.7278458,124.7455986,122.3377066,119.5110357,116.2742433,112.6377782,108.6138802,104.2165809,99.46170281,94.36686,88.95145781,83.23669289,77.24555323,71.00281817,64.53505833,57.87063571,51.03970361,44.54873278,38.23661256,31.90786667,25.60098312,19.35624126,13.21571176,7.223256619,1.424529167,0,0,0,0
0,0,0,0,1.52011232,3.75378125,6.59296112,9.97524797,13.84015712,18.12912317,22.7855,27.75456077,32.98349792,38.42142317,44.01936752,49.73028125,55.50903392,61.31241437,67.09913072,72.82981037,78.467,83.97516557,89.32069232,94.47188477,99.39896672,104.0740813,108.4712907,112.5665768,116.3378403,119.7649016,122.8295,125.5152944,127.8078627,129.6947024,131.1652299,132.2107813,132.8246115,133.0018952,132.7397259,132.0371168,130.895,129.3162272,127.3055691,124.869716,122.0172771,118.7587813,115.1066763,111.0753296,106.6810275,101.941976,96.8783,91.51204397,85.86717152,79.96956557,73.84702832,67.52928125,61.04796512,54.43663997,47.73078512,40.96779917,34.187,27.42962477,20.73882992,14.15969117,7.73920352,1.52628125,0,0,0,0
0.0175,0,0,0,1.418771499,3.625496667,6.470217227,9.867422693,13.75567323,18.07548163,22.76931333,27.78158643,33.05867163,38.54889229,44.20252443,49.97179667,55.81089029,61.67593923,67.52503003,73.31820189,79.01744667,84.58670883,89.99188549,95.20082643,100.183334,104.9111633,109.358022,113.4995704,117.3134215,120.7791408,123.8782467,126.5942099,128.912454,130.8203552,132.3072423,133.3643967,133.9850524,134.1643963,133.8995676,133.1896584,132.0357133,130.4407296,128.4096572,125.9493987,123.0688092,119.7786967,116.0918215,112.0228968,107.5885884,102.8075147,97.70024667,92.28930803,86.59917509,80.65627683,74.48899483,68.12766333,61.60456923,54.95395203,48.21200389,41.41686963,34.60864667,27.82938509,21.12308763,14.53570963,8.115159093,1.911296667,0.108961568,0,0,0
0.035,0,0,0,1.317430677,3.497212083,6.347473333,9.759597417,13.67118933,18.02184008,22.75312667,27.80861208,33.13384533,38.67636142,44.38568133,50.21331208,56.11274667,62.03946408,67.95092933,73.80659342,79.56789333,85.19825208,90.66307867,95.92976808,100.9677013,105.7482454,110.2447533,114.4325641,118.2890027,121.7933801,124.9269933,127.6731254,130.0170453,131.9460081,133.4492547,134.5180121,135.1454933,135.3268974,135.0594093,134.3422001,133.1764267,131.5652321,129.5137453,127.0290814,124.1203413,120.7986121,117.0769667,112.9704641,108.4961493,103.6730534,98.52219333,93.06657208,87.33117867,81.34298808,75.13096133,68.72604542,62.16117333,55.47126408,48.69322267,41.86594008,35.03029333,28.22914542,21.50734533,14.91172808,8.491114667,2.296312083,0.217923136,0,0,0
0.0525,0,0,0,1.216089856,3.3689275,6.22472944,9.65177214,13.58670544,17.96819854,22.73694,27.83563774,33.20901904,38.80383054,44.56883824,50.4548275,56.41460304,62.40298894,68.37682864,74.29498494,80.11834,85.80979534,91.33427184,96.65870974,101.7520686,106.5853275,111.1314846,115.3655577,119.2645838,122.8076193,125.97574,128.7520409,131.1216366,133.0716609,134.591267,135.6716275,136.3059342,136.4893985,136.219251,135.4947417,134.31714,132.6897345,130.6178334,128.1087641,125.1718734,121.8185275,118.0621118,113.9180313,109.4037102,104.5385921,99.34414,93.84383614,88.06318224,82.02969934,75.77292784,69.3244275,62.71777744,55.98857614,49.17444144,42.31501054,35.45194,28.62890574,21.89160304,15.28774654,8.86707024,2.6813275,0.326884704,0,0,0
0.07,0,0,0,1.114749035,3.240642917,6.101985547,9.543946863,13.50222155,17.914557,22.72075333,27.8626634,33.28419275,38.93129966,44.75199515,50.69634292,56.71645941,62.7665138,68.80272795,74.78337646,80.66878667,86.4213386,92.00546501,97.3876514,102.5364359,107.4224096,112.0182159,116.2985514,120.240165,123.8218586,127.0244867,129.8309565,132.2262279,134.1973138,135.7332794,136.8252429,137.4663751,137.6518997,137.3790927,136.6472834,135.4578533,133.814237,131.7219215,129.1884469,126.2234055,122.8384429,119.047257,114.8655986,110.3112711,105.4041309,100.1660867,94.6211002,88.79518581,82.7164106,76.41489435,69.92280958,63.27438155,56.5058882,49.65566021,42.764081,35.87358667,29.02866606,22.27586075,15.663765,9.243025813,3.066342917,0.435846272,0,0,0
0.0875,0,0,0,1.013408213,3.112358333,5.979241653,9.436121587,13.41773765,17.86091545,22.70456667,27.88968905,33.35936645,39.05876879,44.93515205,50.93785833,57.01831579,63.13003865,69.22862725,75.27176799,81.21923333,87.03288185,92.67665819,98.11659305,103.3208033,108.2594917,112.9049473,117.2315451,121.2157462,124.8360979,128.0732333,130.909872,133.3308193,135.3229667,136.8752918,137.9788583,138.6268161,138.8144008,138.5389345,137.7998251,136.5985667,134.9387395,132.8260097,130.2681296,127.2749377,123.8583583,120.0324022,115.8131659,111.2188321,106.2696696,100.9880333,95.39836425,89.52718939,83.40312185,77.05686085,70.52119167,63.83098565,57.02320025,50.13687899,43.21315145,36.29523333,29.42842639,22.66011845,16.03978345,9.618981387,3.451358333,0.54480784,0,0,0
0.105,0,0,0,0.912067392,2.98407375,5.85649776,9.32829631,13.33325376,17.80727391,22.68838,27.91671471,33.43454016,39.18623791,45.11830896,51.17937375,57.32017216,63.49356351,69.65452656,75.76015951,81.76968,87.64442511,93.34785136,98.84553471,104.1051706,109.0965738,113.7916786,118.1645387,122.1913274,125.8503371,129.12198,131.9887875,134.4354106,136.4486195,138.0173042,139.1324738,139.787257,139.9769019,139.6987762,138.9523667,137.73928,136.0632419,133.9300978,131.3478123,128.3264698,124.8782738,121.0175474,116.7607331,112.126393,107.1352083,101.80998,96.17562831,90.25919296,84.08983311,77.69882736,71.11957375,64.38758976,57.54051231,50.61809776,43.66222191,36.71688,29.82818671,23.04437616,16.41580191,9.99493696,3.83637375,0.653769408,0,0,0
0.1225,0,0,0,0.810726571,2.855789167,5.733753867,9.220471033,13.24876987,17.75363237,22.67219333,27.94374037,33.50971387,39.31370703,45.30146587,51.42088917,57.62202853,63.85708837,70.08042587,76.24855103,82.32012667,88.25596837,94.01904453,99.57447637,104.8895379,109.9336558,114.6784099,119.0975324,123.1669085,126.8645764,130.1707267,133.067703,135.5400019,137.5742724,139.1593165,140.2860892,140.9476979,141.139403,140.8586179,140.1049084,138.8799933,137.1877444,135.0341859,132.427495,129.3780019,125.8981892,122.0026925,117.7083004,113.0339539,108.000747,102.6319267,96.95289237,90.99119653,84.77654437,78.34079387,71.71795583,64.94419387,58.05782437,51.09931653,44.11129237,37.13852667,30.22794703,23.42863387,16.79182037,10.37089253,4.221389167,0.762730976,0,0,0
0.14,0,0,0,0.709385749,2.727504583,5.611009973,9.112645757,13.16428597,17.69999082,22.65600667,27.97076602,33.58488757,39.44117616,45.48462277,51.66240458,57.92388491,64.22061322,70.50632517,76.73694256,82.87057333,88.86751162,94.69023771,100.303418,105.6739052,110.7707379,115.5651412,120.030526,124.1424897,127.8788156,131.2194733,134.1466186,136.6445932,138.6999252,140.3013289,141.4397046,142.1081388,142.3019042,142.0184596,141.25745,140.0207067,138.3122468,136.138274,133.5071778,130.429534,126.9181046,122.9878377,118.6558676,113.9415148,108.8662858,103.4538733,97.73015642,91.72320011,85.46325562,78.98276037,72.31633792,65.50079797,58.57513642,51.58053531,44.56036282,37.56017333,30.62770736,23.81289157,17.16783882,10.74684811,4.606404583,0.871692544,0,0,0
0.1575,0,0,0,0.608044928,2.59922,5.48826608,9.00482048,13.07980208,17.64634928,22.63982,27.99779168,33.66006128,39.56864528,45.66777968,51.90392,58.22574128,64.58413808,70.93222448,77.22533408,83.42102,89.47905488,95.36143088,101.0323597,106.4582725,111.60782,116.4518725,120.9635197,125.1180709,128.8930549,132.26822,135.2255341,137.7491845,139.8255781,141.4433413,142.59332,143.2685797,143.4644053,143.1783013,142.4099917,141.16142,139.4367493,137.2423621,134.5868605,131.4810661,127.93802,123.9729829,119.6034349,114.8490757,109.7318245,104.27582,98.50742048,92.45520368,86.14996688,79.62472688,72.91472,66.05740208,59.09244848,52.06175408,45.00943328,37.98182,31.02746768,24.19714928,17.54385728,11.12280368,4.99142,0.980654112,0,0,0
0.175,0,0,0,0.506704107,2.470935417,5.365522187,8.896995203,12.99531819,17.59270774,22.62363333,28.02481734,33.73523499,39.6961144,45.85093659,52.14543542,58.52759765,64.94766294,71.35812379,77.7137256,83.97146667,90.09059814,96.03262405,101.7613013,107.2426398,112.4449021,117.3386038,121.8965133,126.0936521,129.9072941,133.3169667,136.3044496,138.8537758,140.9512309,142.5853537,143.7469354,144.4290206,144.6269064,144.338143,143.5625333,142.3021333,140.5612517,138.3464502,135.6665432,132.5325982,128.9579354,124.9581281,120.5510021,115.7566366,110.5973632,105.0977667,99.28468454,93.18720725,86.83667814,80.26669339,73.51310208,66.61400619,59.60976054,52.54297285,45.45850374,38.40346667,31.427228,24.58140699,17.91987574,11.49875925,5.376435417,1.08961568,0,0,0
0.1925,0,0,0,0.405363285,2.342650833,5.242778293,8.789169927,12.91083429,17.53906619,22.60744667,28.05184299,33.81040869,39.82358353,46.03409349,52.38695083,58.82945403,65.31118779,71.78402309,78.20211713,84.52191333,90.70214139,96.70381723,102.490243,108.0270071,113.2819842,118.2253351,122.829507,127.0692332,130.9215334,134.3657133,137.3833651,139.9583671,142.0768838,143.727366,144.9005508,145.5894615,145.7894075,145.4979847,144.715075,143.4428467,141.6857542,139.4505383,136.7462259,133.5841303,129.9778508,125.9432732,121.4985694,116.6641975,111.4629019,105.9197133,100.0619486,93.91921083,87.52338939,80.90865989,74.11148417,67.17061029,60.12707259,53.02419163,45.90757419,38.82511333,31.82698833,24.96566469,18.29589419,11.87471483,5.761450833,1.198577248,0,0,0
0.21,0,0,0,0.304022464,2.21436625,5.1200344,8.68134465,12.8263504,17.48542465,22.59126,28.07886865,33.8855824,39.95105265,46.2172504,52.62846625,59.1313104,65.67471265,72.2099224,78.69050865,85.07236,91.31368465,97.3750104,103.2191847,108.8113744,114.1190663,119.1120664,123.7625007,128.0448144,131.9357727,135.41446,138.4622807,141.0629584,143.2025367,144.8693784,146.0541663,146.7499024,146.9519087,146.6578264,145.8676167,144.58356,142.8102567,140.5546264,137.8259087,134.6356624,130.9977663,126.9284184,122.4461367,117.5717584,112.3284407,106.74166,100.8392127,94.6512144,88.21010065,81.5506264,74.70986625,67.7272144,60.64438465,53.5054104,46.35664465,39.24676,32.22674865,25.3499224,18.67191265,12.2506704,6.14646625,1.307538816,0,0,0
0.2275,0,0,0,0.202681643,2.086081667,4.997290507,8.573519373,12.74186651,17.43178311,22.57507333,28.10589431,33.96075611,40.07852177,46.40040731,52.86998167,59.43316677,66.03823751,72.63582171,79.17890017,85.62280667,91.92522791,98.04620357,103.9481263,109.5957417,114.9561483,119.9987977,124.6954943,129.0203956,132.9500119,136.4632067,139.5411962,142.1675497,144.3281895,146.0113908,147.2077817,147.9103433,148.1144098,147.8176681,147.0201583,145.7242733,143.9347591,141.6587145,138.9055914,135.6871945,132.0176817,127.9135636,123.3937039,118.4793193,113.1939794,107.5636067,101.6164767,95.38321797,88.89681191,82.19259291,75.30824833,68.28381851,61.16169671,53.98662917,46.80571511,39.66840667,32.62650897,25.73418011,19.04793111,12.62662597,6.531481667,1.416500384,0,0,0
0.245,0,0,0,0.101340821,1.957797083,4.874546613,8.465694097,12.65738261,17.37814156,22.55888667,28.13291996,34.03592981,40.2059909,46.58356421,53.11149708,59.73502315,66.40176236,73.06172101,79.6672917,86.17325333,92.53677116,98.71739675,104.677068,110.380109,115.7932304,120.885529,125.628488,129.9959767,133.9642512,137.5119533,140.6201117,143.272141,145.4538424,147.1534031,148.3613971,149.0707842,149.2769109,148.9775098,148.1727,146.8649867,145.0592616,142.7628026,139.9852741,136.7387266,133.0375971,128.8987087,124.3412712,119.3868802,114.0595181,108.3855533,102.3937408,96.11522155,89.58352316,82.83455941,75.90663042,68.84042261,61.67900876,54.46784795,47.25478556,40.09005333,33.0262693,26.11843781,19.42394956,13.00258155,6.916497083,1.525461952,0,0,0
0.2625,0,0,0,0,1.8295125,4.75180272,8.35786882,12.57289872,17.32450002,22.5427,28.15994562,34.11110352,40.33346002,46.76672112,53.3530125,60.03687952,66.76528722,73.48762032,80.15568322,86.7237,93.14831442,99.38858992,105.4060096,111.1644763,116.6303125,121.7722603,126.5614816,130.9715579,134.9784904,138.5607,141.6990272,144.3767323,146.5794952,148.2954155,149.5150125,150.2312251,150.439412,150.1373515,149.3252416,148.0057,146.183764,143.8668907,141.0649568,137.7902587,134.0575125,129.8838539,125.2888384,120.2944411,114.9250568,109.2075,103.1710048,96.84722512,90.27023442,83.47652592,76.5050125,69.39702672,62.19632082,54.94906672,47.70385602,40.5117,33.42602962,26.50269552,19.79996802,13.37853712,7.3015125,1.63442352,0,0,0
0.200529892,0,0,0,0,1.107538454,4.165559959,7.972588437,12.44497948,17.50193229,23.06548968,29.06053808,35.41480755,42.05887173,48.92614791,55.95289695,63.07822336,70.24407526,77.39524436,84.479366,91.44691914,98.25122634,104.8484538,111.1976112,117.2605522,123.0019735,128.389416,133.3932637,137.9867447,142.1459303,145.8497357,149.0799195,151.8210841,154.0606754,155.7889829,156.9991397,157.6871228,157.8517523,157.4946924,156.6204505,155.2363781,153.3526698,150.9823641,148.1413431,144.8483325,141.1249015,136.995463,132.4872736,127.6304334,122.4578861,117.0054191,111.3116634,105.4180935,99.36902756,93.21162749,86.99589867,80.77469014,74.60369454,66.58211442,57.5758577,48.60296903,39.72568704,31.00909394,22.52111558,14.3325214,6.516924476,1.293479259,0,0,0
0.208406559,0,0,0,0,0.907361788,3.98668925,7.831165081,12.35523583,17.47627234,23.11456968,29.19334722,35.6387486,42.37984172,49.34861874,56.47999612,63.71181455,70.98483901,78.24275877,85.43218732,92.50266247,99.40664627,106.099525,112.5396094,118.6881342,124.5092585,129.9700658,135.0405638,139.6936844,143.9052837,147.6541424,150.921965,153.6933808,155.9559429,157.7001289,158.9193406,159.6099041,159.7710699,159.4050125,158.5168308,157.1145481,155.2091117,152.8143934,149.9471891,146.6272192,142.8771281,138.7224847,134.1917819,129.3164372,124.1307921,118.6721125,112.9805885,107.0993346,101.0743894,94.95471582,88.79220117,82.64165689,76.56081875,68.41374998,59.16598623,49.95335903,40.83988803,31.89251713,23.18111451,14.77847264,6.760308226,1.347960043,0,0,0
0.216283226,0,0,0,0,0.707185121,3.80781854,7.689741725,12.26549219,17.45061239,23.16364968,29.32615636,35.86268965,42.7008117,49.77108958,57.00709528,64.34540573,71.72560277,79.09027318,86.38500865,93.55840581,100.5620662,107.3505963,113.8816075,120.1157162,126.0165435,131.5507157,136.6878639,141.400624,145.6646371,149.458549,152.7640106,155.5656775,157.8512104,159.6112748,160.8395414,161.5326855,161.6903875,161.3153326,160.4132111,158.9927181,157.0655536,154.6464227,151.7530352,148.406106,144.6293548,140.4495063,135.8962902,131.002441,125.803698,120.3388058,114.6495136,108.7805757,102.7797512,96.69780415,90.58850367,84.50862365,78.51794296,70.24538553,60.75611476,51.30374903,41.95408901,32.77594031,23.84111345,15.22442388,7.003691976,1.402440827,0,0,0
0.224159892,0,0,0,0,0.507008454,3.628947831,7.548318369,12.17574855,17.42495244,23.21272968,29.4589655,36.0866307,43.02178169,50.19356042,57.53419445,64.97899691,72.46636653,79.93778759,87.33782997,94.61414914,101.7174861,108.6016676,115.2236057,121.5432982,127.5238285,133.1313656,138.3351639,143.1075637,147.4239905,151.2629557,154.6060561,157.4379741,159.7464778,161.5224208,162.7597422,163.4554669,163.6097051,163.2256527,162.3095914,160.8708881,158.9219955,156.478452,153.5588812,150.1849927,146.3815815,142.176528,137.6007985,132.6884447,127.476604,122.0054991,116.3184387,110.4618168,104.485113,98.44089248,92.38480617,86.37559041,80.47506717,72.07702109,62.3462433,52.65413903,43.06829,33.65936349,24.50111238,15.67037511,7.247075726,1.456921611,0,0,0
0.232036559,0,0,0,0,0.306831788,3.450077122,7.406895013,12.08600491,17.39929249,23.26180968,29.59177463,36.31057175,43.34275167,50.61603126,58.06129362,65.6125881,73.20713029,80.785302,88.2906513,95.66989247,102.8729061,109.8527388,116.5656038,122.9708802,129.0311135,134.7120155,139.982464,144.8145033,149.1833439,153.0673624,156.4481016,159.3102708,161.6417453,163.4335668,164.6799431,165.3782482,165.5290226,165.1359728,164.2059716,162.7490581,160.7784374,158.3104813,155.3647273,151.9638795,148.1338081,143.9035497,139.3053068,134.3744485,129.1495099,123.6721925,117.9873638,112.1430579,106.1904748,100.1839808,94.18110867,88.24255716,82.43219138,73.90865665,63.93637183,54.00452903,44.18249099,34.54278668,25.16111132,16.11632635,7.490459476,1.511402395,0,0,0
